<?xml version="1.0" encoding="UTF-8"?>
<beans xmlns="http://www.springframework.org/schema/beans" 
		xmlns:xsi="http://www.w3.org/2001/XMLSchema-instance" 
		xmlns:mybatis="http://mybatis.org/schema/mybatis-spring" 
		xmlns:context="http://www.springframework.org/schema/context" 
		xsi:schemaLocation="http://www.springframework.org/schema/beans https://www.springframework.org/schema/beans/spring-beans.xsd http://www.springframework.org/schema/context https://www.springframework.org/schema/context/spring-context.xsd http://mybatis.org/schema/mybatis-spring http://mybatis.org/schema/mybatis-spring.xsd">

<context:component-scan base-package="io.good.gooddev_web"/>
<bean id="hikariConfig" class="com.zaxxer.hikari.HikariConfig">
	<property name="driverClassName" value="oracle.jdbc.OracleDriver"/>
	<property name="jdbcUrl" value="jdbc:oracle:thin:@//localhost:1521/xe"/>
	<property name="username" value="good"/>
	<property name="password" value="1004"/>
	<property name="dataSourceProperties">
	<props>
		<prop key="cachePrepStmts">true</prop>
		<prop key="prepStmtCacheSize">250</prop>
		<prop key="prepStmtCacheSqlLimit">2048</prop>
	</props>
</property>
</bean>
	<bean id="dataSource" class="com.zaxxer.hikari.HikariDataSource" destroy-method="close">
	<constructor-arg ref="hikariConfig"/>
</bean>

<!-- 
	<bean id="sqlSessionFactory" class="org.mybatis.spring.SqlSessionFactoryBean">
		<property name="dataSource" ref="dataSource"/>
		<property name ="mapperLocations" value="classpath:/mappers/*.xml"/>
	</bean>
	 -->
	 
<!--  <mybatis:scan base-package="io.good.gooddev-web.member.dao"/>
	 -->
</beans>