<?xml version="1.0" encoding="UTF-8"?>
<beans:beans xmlns="http://www.springframework.org/schema/mvc"
	xmlns:xsi="http://www.w3.org/2001/XMLSchema-instance"
	xmlns:beans="http://www.springframework.org/schema/beans"
	xmlns:context="http://www.springframework.org/schema/context"
	xsi:schemaLocation="http://www.springframework.org/schema/mvc 
						https://www.springframework.org/schema/mvc/spring-mvc.xsd
						http://www.springframework.org/schema/beans 
						https://www.springframework.org/schema/beans/spring-beans.xsd
						http://www.springframework.org/schema/context 
						https://www.springframework.org/schema/context/spring-context.xsd">

	<!-- DispatcherServlet Context: defines this servlet's request-processing infrastructure -->
	 
	<!--  기타 MVC 설정 Enables the Spring MVC @Controller programming model -->
	<annotation-driven />

	
	<!-- Handles HTTP GET requests for /resources/** by efficiently serving up static resources in the ${webappRoot}/resources directory -->
	<resources mapping="/resources/**" location="/resources/" />

 <!-- 뷰 리졸버 설정 -->
  	<beans:bean class="org.springframework.web.servlet.view.InternalResourceViewResolver">
		<beans:property name="prefix" value="/WEB-INF/views/" />
		<beans:property name="suffix" value=".jsp" />
	</beans:bean>
	
	 <!-- 컴포넌트 스캔 설정 -->
	<context:component-scan base-package="io.good.gooddev_web" />
	
	<beans:bean id="multipartResolver" class="org.springframework.web.multipart.commons.CommonsMultipartResolver">
		<!-- 업로드 가능한 파일의 최대 크기 설정 (10MB) -->
		<beans:property name="maxUploadSize" value="10485760" />
		<!-- 업로드 가능한 파일의 최대 크기 설정 (개별 파일에 대해 5MB) -->
		<beans:property name="maxUploadSizePerFile" value="5242880" />
		<!-- 파일 인코딩 설정 -->
		<beans:property name="defaultEncoding" value="UTF-8" />
	</beans:bean>
	
	
</beans:beans>
